Name,Categories,Added,Last Played,Recent Activity,Completion Status,Platforms,Play Count,Time Played
2XKO,Fighting,10/28/2025 0:12,10/28/2025 18:08,10/28/2025 18:08,Played,PC (Windows),4,7323
Back 4 Blood,Survival,11/30/2024 0:00,12/5/2024 0:00,12/5/2024 0:00,Played,PC (Windows),6,32640
Battlefield V,Shooter,2/6/2026 19:14,8/14/2025 0:00,2/6/2026 19:14,Played,PC (Windows),2,7380
Century: Age of Ashes,Shooter,5/17/2024 0:00,5/17/2024 0:00,5/17/2024 0:00,Played,PC (Windows),1,4200
Cities: Skylines,Simulation,6/15/2023 0:00,6/19/2023 0:00,6/19/2023 0:00,Played,PC (Windows),7,12060
Control,Action,5/17/2023 0:00,5/21/2023 0:00,5/21/2023 0:00,Played,PC (Windows),19,22620
Counter-Strike 2,Shooter,10/19/2025 0:00,10/20/2025 0:00,10/20/2025 0:00,Played,PC (Windows),3,29100
Dead By DayLight,Survival,12/4/2021 0:00,2/5/2026 23:59,2/5/2026 23:59,Played,PC (Windows),70,143760
Dead Island 2,Survival,12/24/2025 22:27,12/31/2025 21:34,12/31/2025 21:34,Played,PC (Windows),8,48840
Donkey Kong Country Returns HD,Arcade,11/6/2025 1:56,11/12/2025 23:21,11/12/2025 23:21,Played,Nintendo Switch,3,1480
Dying Light,Survival,2/6/2022 0:00,2/16/2022 0:00,2/16/2022 0:00,Played,PC (Windows),10,39240
Enlisted,Shooter,9/15/2025 2:42,9/15/2025 2:50,9/15/2025 2:50,Played,PC (Windows),2,17640
Farlight 84,Shooter,2/17/2025 0:00,2/19/2025 0:00,2/19/2025 0:00,Played,PC (Windows),3,11880
Farming Simulator 22,Simulation,2/6/2026 2:39,4/22/2025 0:00,2/6/2026 2:39,Played,PC (Windows),1,4800
Flash Party,Fighting,2/18/2023 0:00,2/20/2023 0:00,2/20/2023 0:00,Played,PC (Windows),5,6120
Fortnite,Shooter,4/14/2024 0:00,6/16/2024 0:00,6/16/2024 0:00,Played,PC (Windows),13,17160
Foundation,Simulation,10/24/2025 23:49,10/24/2025 23:51,10/24/2025 23:51,Played,PC (Windows),1,547
Fruit Ninja,Arcade,10/25/2025 22:35,11/24/2025 17:43,11/24/2025 17:43,Played,PC (Windows),7,824
GigaBash,Fighting,12/13/2023 0:00,12/31/2025 20:40,12/31/2025 20:40,Played,PC (Windows),9,13320
God of War,Action,12/8/2025 21:57,12/8/2025 22:01,12/8/2025 22:01,Played,Sony PlayStation 3,1,3638
God of War,Action,9/16/2025 0:58,9/20/2025 21:58,9/20/2025 21:58,Played,Sony PlayStation 4,11,67054
God of War Ragnarok,Action,9/16/2025 1:14,12/6/2025 22:21,12/6/2025 22:21,Played,Sony PlayStation 5,51,148310
Godzilla,Action,9/16/2025 0:34,11/7/2025 21:25,11/7/2025 21:25,Played,Sony PlayStation 3,4,2530
Grand Theft Auto V,Action,12/26/2023 0:00,12/16/2025 17:30,12/16/2025 17:30,Played,PC (Windows),497,895680
Hogwarts Legacy,Action,12/14/2025 0:11,12/14/2025 0:13,12/14/2025 0:13,Played,PC (Windows),1,10080
Injustice 2,Fighting,10/20/2023 0:00,10/27/2023 0:00,10/27/2023 0:00,Played,Sony PlayStation 4,4,25320
Jurassic World Evolution 2,Simulation,12/15/2021 0:00,12/10/2025 20:55,12/10/2025 20:55,Played,PC (Windows),585,2054100
Jurassic World Evolution 3,Simulation,12/21/2025 20:12,2/5/2026 3:45,2/5/2026 3:45,Played,PC (Windows),165,283680
Kong: Survivor Instinct,Action,10/25/2025 21:44,10/25/2025 22:50,10/25/2025 22:50,Played,PC (Windows),1,5643
Left 4 Dead 2,Survival,5/25/2025 0:00,7/7/2025 0:00,7/7/2025 0:00,Played,PC (Windows),20,64980
LEGO Jurassic World,Arcade,10/23/2025 2:31,10/23/2025 21:16,10/23/2025 21:16,Played,PC (Windows),5,8615
Maneater,Action,3/16/2023 0:00,3/20/2023 0:00,3/20/2023 0:00,Played,PC (Windows),5,7260
Mario Kart 8 Deluxe,Arcade,11/6/2025 2:52,2/6/2026 2:57,2/6/2026 2:57,Played,Nintendo Switch,12,17377
Marvel Rivals,Shooter,9/16/2025 1:07,9/20/2025 20:33,9/20/2025 20:33,Played,PC (Windows),7,32040
Marvel's Spider-Man,Action,2/6/2023 0:00,5/16/2023 0:00,5/16/2023 0:00,Played,PC (Windows),23,78000
Marvel's Spider-Man: Miles Morales,Action,6/16/2023 0:00,8/18/2023 0:00,8/18/2023 0:00,Played,PC (Windows),21,66022
Minecraft Dungeons,Action,10/25/2025 22:31,,10/25/2025 22:31,Not Played,PC (Windows),0,0
Minecraft: Story Mode,Action,10/23/2025 21:50,10/23/2025 21:55,10/23/2025 21:55,Played,PC (Windows),2,233
Mobile Suit Gundam Battle Operation 2,Shooter,9/2/2025 0:00,9/14/2025 0:00,9/14/2025 0:00,Played,PC (Windows),15,36180
Mobile Suit Gundam Seed: Battle Destiny Remastered,Action,10/25/2025 22:22,,10/25/2025 22:22,Not Played,Sony PlayStation 4,0,0
Monster Hunter: World,Action,9/24/2025 21:14,12/22/2025 16:11,12/22/2025 16:11,Played,PC (Windows),77,308140
Mortal Kombat 11,Fighting,10/7/2025 19:47,10/15/2025 16:46,10/15/2025 16:46,Played,Sony PlayStation 4,4,2580
My Hero Ultra Rumble,Shooter,11/30/2023 0:00,11/30/2023 0:00,11/30/2023 0:00,Played,PC (Windows),2,18120
Need for Speed: Heat,Arcade,12/27/2024 0:00,11/10/2025 0:18,11/10/2025 0:18,Played,PC (Windows),122,191100
Pacify,Survival,9/3/2023 0:00,9/3/2023 0:00,9/3/2023 0:00,Played,PC (Windows),5,5460
Pico Park,Arcade,10/28/2025 22:59,,10/28/2025 22:59,Not Played,PC (Windows),0,0
Planet Coaster,Simulation,5/16/2024 0:00,5/24/2024 0:00,5/24/2024 0:00,Played,PC (Windows),1,1440
Planet Zoo,Simulation,5/24/2024 0:00,11/20/2025 3:33,11/20/2025 3:33,Played,PC (Windows),148,604860
Plants vs. Zombies,Arcade,9/16/2025 1:51,9/23/2025 21:06,9/23/2025 21:06,Played,Sony PlayStation 3,8,5930
Plants vs. Zombies 2 Gardendless,Arcade,11/23/2025 20:28,2/6/2026 3:24,2/6/2026 3:24,Played,PC (Windows),4,2128
Plants vs. Zombies: Garden Warfare 2,Shooter,12/25/2022 0:00,11/10/2025 0:11,11/10/2025 0:11,Played,PC (Windows),50,163080
Pokémon Brilliant Diamond and Shining Pearl,RPG,9/16/2025 1:57,,9/16/2025 1:57,Not Played,Nintendo Switch,0,0
Pokemon Legends Arceus,RPG,9/16/2025 1:02,9/16/2025 1:07,9/16/2025 1:07,Played,Nintendo Switch,1,12
Pokémon Legends: Z-A,RPG,10/15/2025 23:45,11/5/2025 14:00,11/5/2025 14:00,Played,Nintendo Switch 2,24,8527
"Pokemon Let's Go, Eevee!",RPG,9/16/2025 2:00,,9/16/2025 2:00,Not Played,Nintendo Switch,0,0
"Pokemon Let's Go, Pikachu!",RPG,9/16/2025 0:33,9/16/2025 0:33,9/16/2025 0:33,Played,Nintendo Switch,1,14
Pokemon Quest,RPG,9/16/2025 2:04,,9/16/2025 2:04,Not Played,Nintendo Switch,0,0
Pokémon Scarlet and Violet,RPG,9/16/2025 2:06,1/16/2026 22:05,1/16/2026 22:05,Played,Nintendo Switch,109,80358
Pokémon Sword and Shield,RPG,9/16/2025 2:10,,9/16/2025 2:10,Not Played,Nintendo Switch,0,0
Pokkén Tournament DX,Fighting,9/16/2025 2:14,11/8/2025 0:36,11/8/2025 0:36,Played,Nintendo Switch,7,2444
Project Zomboid,Survival,6/6/2024 0:00,7/20/2024 0:00,7/20/2024 0:00,Played,PC (Windows),21,140640
Prototype,Action,10/23/2025 17:38,10/29/2025 12:47,10/29/2025 12:47,Played,PC (Windows),7,36594
Prototype 2,Action,10/25/2025 21:57,10/25/2025 22:04,10/25/2025 22:04,Played,PC (Windows),2,150
R.E.P.O.,Survival,11/1/2025 0:05,11/5/2025 22:16,11/5/2025 22:16,Played,PC (Windows),2,619
Razing Storm,Arcade,11/26/2025 23:00,12/6/2025 18:53,12/6/2025 18:53,Played,Sony PlayStation 3,11,14091
Red Dead Online,Action,6/29/2023 0:00,11/22/2025 17:20,11/22/2025 17:20,Played,PC (Windows),152,1098300
Rocket League,Arcade,3/6/2023 0:00,3/9/2023 0:00,3/9/2023 0:00,Played,PC (Windows),5,5580
SimCity,Simulation,10/25/2025 22:37,10/26/2025 22:11,10/26/2025 22:11,Played,PC (Windows),1,167
Skate.,Arcade,10/28/2025 23:02,10/28/2025 23:12,10/28/2025 23:12,Played,PC (Windows),4,1746
Sonic & All-Stars Racing Transformed,Arcade,12/8/2025 17:41,12/16/2025 16:36,12/16/2025 16:36,Played,PC (Windows),6,4410
Sonic Racing: CrossWorlds,Arcade,11/6/2025 14:32,12/31/2025 16:42,12/31/2025 16:42,Played,Nintendo Switch,43,32924
Tekken 7,Fighting,9/16/2025 1:31,10/16/2025 21:00,10/16/2025 21:00,Played,Sony PlayStation 4,11,13291
The Finals,Shooter,2/11/2026 0:00,2/12/2026 0:00,2/12/2026 0:00,Played,PC (Windows),3,10860
The Forest,Survival,9/20/2025 23:20,10/2/2025 15:05,10/2/2025 15:05,Played,PC (Windows),3,52200
The Sims 4,Simulation,4/5/2024 0:00,4/9/2024 0:00,4/9/2024 0:00,Played,PC (Windows),3,5640
Valorant,Shooter,12/17/2021 0:00,2/5/2026 1:14,2/5/2026 1:14,Played,PC (Windows),89,433800
World of Tanks,Shooter,10/1/2023 0:00,10/1/2023 0:00,10/1/2023 0:00,Played,PC (Windows),4,25500
World of Warships,Shooter,9/16/2023 0:00,9/19/2023 0:00,9/19/2023 0:00,Played,PC (Windows),10,25500
World War Z,Survival,6/1/2025 0:00,6/26/2025 0:00,6/26/2025 0:00,Played,PC (Windows),6,45480
